year,month,lgdp,ffr,lemp,lsp,epu
1900,1,,,,1.8082888,
1900,2,,,,1.8261609,
1900,3,,,,1.8341802,
1900,4,,,,1.8468788,
1900,5,,,,1.798404,
1900,6,,,,1.7681496,
1900,7,,,,1.7681496,
1900,8,,,,1.7817092,
1900,9,,,,1.7578579,
1900,10,,,,1.7934248,
1900,11,,,,1.8687205,
1900,12,,,,1.9271641,
1901,1,,,,1.9558605,
1901,2,,,,1.9810015,
1901,3,,,,2.0162356,
1901,4,,,,2.0967903,
1901,5,,,,2.0451088,
1901,6,,,,2.1400661,
1901,7,,,,2.070653,
1901,8,,,,2.084429,
1901,9,,,,2.0794415,
1901,10,,,,2.0681279,
1901,11,,,,2.0893919,
1901,12,,,,2.0731719,
1902,1,,,,2.0943301,
1902,2,,,,2.1029139,
1902,3,,,,2.1041341,
1902,4,,,,2.1377103,
1902,5,,,,2.1353493,
1902,6,,,,2.1294215,
1902,7,,,,2.1517622,
1902,8,,,,2.1781549,
1902,9,,,,2.1804175,
1902,10,,,,2.1482677,
1902,11,,,,2.1090002,
1902,12,,,,2.0856721,
1903,1,,,,2.1353493,
1903,2,,,,2.1294215,
1903,3,,,,2.0893919,
1903,4,,,,2.0476928,
1903,5,,,,2.0281482,
1903,6,,,,1.9712994,
1903,7,,,,1.9387417,
1903,8,,,,1.8916048,
1903,9,,,,1.8671761,
1903,10,,,,1.8341802,
1903,11,,,,1.83737,
1903,12,,,,1.8825139,
1904,1,,,,1.8991179,
1904,2,,,,1.8718022,
1904,3,,,,1.8687205,
1904,4,,,,1.8931119,
1904,5,,,,1.8718022,
1904,6,,,,1.8733395,
1904,7,,,,1.9139771,
1904,8,,,,1.9473377,
1904,9,,,,1.9906104,
1904,10,,,,2.0476928,
1904,11,,,,2.1004689,
1904,12,,,,2.1102133,
1905,1,,,,2.1317968,
1905,2,,,,2.1747518,
1905,3,,,,2.2027647,
1905,4,,,,2.1905355,
1905,5,,,,2.1400661,
1905,6,,,,2.1517622,
1905,7,,,,2.1826749,
1905,8,,,,2.2192035,
1905,9,,,,2.2224591,
1905,10,,,,2.2364452,
1905,11,,,,2.2310891,
1905,12,,,,2.2554934,
1906,1,,,,2.2894998,
1906,2,,,,2.2823825,
1906,3,,,,2.2575877,
1906,4,,,,2.2438962,
1906,5,,,,2.2170272,
1906,6,,,,2.2300143,
1906,7,,,,2.2038691,
1906,8,,,,2.275214,
1906,9,,,,2.3055806,
1906,10,,,,2.2995806,
1906,11,,,,2.2955606,
1906,12,,,,2.2864556,
1907,1,,,,2.2575877,
1907,2,,,,2.225704,
1907,3,,,,2.1222615,
1907,4,,,,2.1270406,
1907,5,,,,2.0918641,
1907,6,,,,2.0592389,
1907,7,,,,2.0967903,
1907,8,,,,2.0188951,
1907,9,,,,2.008214,
1907,10,,,,1.8931119,
1907,11,,,,1.8325815,
1907,12,,,,1.8825139,
1908,1,,,,1.9242487,
1908,2,,,,1.8870696,
1908,3,,,,1.9271641,
1908,4,,,,1.9796212,
1908,5,,,,2.0320878,
1908,6,,,,2.0333977,
1908,7,,,,2.0693913,
1908,8,,,,2.1114247,
1908,9,,,,2.1004689,
1908,10,,,,2.1126347,
1908,11,,,,2.1781549,
1908,12,,,,2.2005522,
1909,1,,,,2.2038691,
1909,2,,,,2.1747518,
1909,3,,,,2.1882958,
1909,4,,,,2.2321627,
1909,5,,,,2.2648833,
1909,6,,,,2.2823825,
1909,7,,,,2.296567,
1909,8,,,,2.320425,
1909,9,,,,2.3214068,
1909,10,,,,2.3253245,
1909,11,,,,2.320425,
1909,12,,,,2.332144,
1910,1,,,,2.3105533,
1910,2,,,,2.2741857,
1910,3,,,,2.2985771,
1910,4,,,,2.2741857,
1910,5,,,,2.2575877,
1910,6,,,,2.2082744,
1910,7,,,,2.1564026,
1910,8,,,,2.1804175,
1910,9,,,,2.1871743,
1910,10,,,,2.2321627,
1910,11,,,,2.2310891,
1910,12,,,,2.2027647,
1911,1,,,,2.2267835,
1911,2,,,,2.2438962,
1911,3,,,,2.2321627,
1911,4,,,,2.2278614,
1911,5,,,,2.2491844,
1911,6,,,,2.2690284,
1911,7,,,,2.2648833,
1911,8,,,,2.2159374,
1911,9,,,,2.1598687,
1911,10,,,,2.1656194,
1911,11,,,,2.2049723,
1911,12,,,,2.2093728,
1912,1,,,,2.2104697,
1912,2,,,,2.2016592,
1912,3,,,,2.2300143,
1912,4,,,,2.260721,
1912,5,,,,2.2575877,
1912,6,,,,2.2596776,
1912,7,,,,2.260721,
1912,8,,,,2.2834022,
1912,9,,,,2.2884862,
1912,10,,,,2.2864556,
1912,11,,,,2.275214,
1912,12,,,,2.2385798,
1913,1,,,,2.2300143,
1913,2,,,,2.1938858,
1913,3,,,,2.1747518,
1913,4,,,,2.1736147,
1913,5,,,,2.1459312,
1913,6,,,,2.0943301,
1913,7,,,,2.1077859,
1913,8,,,,2.1341665,
1913,9,,,,2.1435893,
1913,10,,,,2.1114247,
1913,11,,,,2.0856721,
1913,12,,,,2.084429,
1914,1,,,,2.1246538,
1914,2,,,,2.1377103,
1914,3,,,,2.1186621,
1914,4,,,,2.0943301,
1914,5,,,,2.1004689,
1914,6,,,,2.095561,
1914,7,,,,2.0386195,
1914,8,,,,1.9473377,
1914,9,,,,1.9473377,
1914,10,,,,1.8913031,
1914,11,,5.75,,1.9290546,
1914,12,,5.4000001,,1.9947003,
1915,1,,4.75,,2.0122328,
1915,2,,4.1900001,,1.9987737,
1915,3,,4,,2.024193,
1915,4,,4,,2.0967903,
1915,5,,4,,2.0731719,
1915,6,,3.96,,2.084429,
1915,7,,3.75,,2.0806909,
1915,8,,3.75,,2.1222615,
1915,9,,3.75,,2.1587148,
1915,10,,3.75,,2.2126603,
1915,11,,3.75,,2.2470725,
1915,12,,3.75,,2.2491844,
1916,1,,3.75,,2.2332351,
1916,2,,3.75,,2.2192035,
1916,3,,3.75,,2.2159374,
1916,4,,3.75,,2.2049723,
1916,5,,3.75,,2.2267835,
1916,6,,3.75,,2.2364452,
1916,7,,3.75,,2.2224591,
1916,8,,3.75,,2.2300143,
1916,9,,3.75,,2.270062,
1916,10,,3.75,,2.3005831,
1916,11,,3.75,,2.3233676,
1916,12,,3.75,,2.2823825,
1917,1,,3.75,,2.2575877,
1917,2,,3.75,,2.2005522,
1917,3,,3.75,,2.2310891,
1917,4,,3.75,,2.2159374,
1917,5,,3.75,,2.1815467,
1917,6,,3.75,,2.2016592,
1917,7,,3.75,,2.1736147,
1917,8,,3.75,,2.1435893,
1917,9,,3.75,,2.0943301,
1917,10,,3.75,,2.0386195,
1917,11,,3.75,,1.9516082,
1917,12,,3.9300001,,1.9169227,
1918,1,,4.25,,1.9753857,
1918,2,,4.25,,2.0050514,
1918,3,,4.25,,1.9858587,
1918,4,,4.5100002,,1.9757117,
1918,5,,4.5599999,,2.0056067,
1918,6,,4.5599999,,2.008214,
1918,7,,4.5599999,,2.0150549,
1918,8,,4.5599999,,2.0254374,
1918,9,,4.5599999,,2.0207691,
1918,10,,4.5599999,,2.0610356,
1918,11,,4.5599999,,2.0860355,
1918,12,,4.5599999,,2.0655177,
1919,1,1.580668,4.5599999,,2.0608861,
1919,2,1.5354683,4.5599999,,2.064255,
1919,3,1.5061197,4.5599999,,2.0940406,
1919,4,1.5238364,4.5599999,,2.1273885,
1919,5,1.5296586,4.5599999,,2.1932945,
1919,6,1.5916609,4.5599999,,2.2143958,
1919,7,1.6500231,4.5599999,,2.2526531,
1919,8,1.6653645,4.5599999,,2.1820772,
1919,9,1.644863,4.5599999,,2.1988592,
1919,10,1.6344427,4.5599999,,2.2476916,
1919,11,1.6186157,4.7399998,,2.2185619,
1919,12,1.6344427,4.75,,2.1880312,
1920,1,1.7244973,5.1100001,,2.1770899,
1920,2,1.7244973,6,,2.0940378,
1920,3,1.7051843,6,,2.1602077,
1920,4,1.6500231,6,,2.1524451,
1920,5,1.675469,6,,2.0867677,
1920,6,1.6854726,7,,2.0693913,
1920,7,1.6602831,7,,2.0679791,
1920,8,1.6653645,7,,2.0285363,
1920,9,1.6291817,7,,2.0619366,
1920,10,1.5861694,7,,2.0638804,
1920,11,1.5001585,7,,2.012156,
1920,12,1.4384124,7,,1.9245085,
1921,1,1.3793705,7,,1.9605067,
1921,2,1.3588974,7,,1.9534425,
1921,3,1.3309138,7,,1.9279324,
1921,4,1.3309138,7,,1.9315214,
1921,5,1.3588974,6.5599999,,1.9621631,
1921,6,1.3519875,6.25,,1.8799107,
1921,7,1.3450035,5.8200002,,1.8758632,
1921,8,1.3793705,5.5,,1.8636242,
1921,9,1.3861194,5.3499999,,1.8879594,
1921,10,1.4447519,5,,1.9012303,
1921,11,1.4320322,4.5300002,,1.9542807,
1921,12,1.4255872,4.5,,1.9882715,
1922,1,1.4635794,4.5,,1.9874736,
1922,2,1.506142,4.5,,2.009398,
1922,3,1.558313,4.5,,2.0480721,
1922,4,1.5238364,4.5,,2.1052067,
1922,5,1.5751156,4.5,,2.1432424,
1922,6,1.6239126,4.3499999,,2.1334679,
1922,7,1.6239126,4,,2.1407571,
1922,8,1.602514,4,,2.1766205,
1922,9,1.6551758,4,,2.2040651,
1922,10,1.7100432,4,,2.2249398,
1922,11,1.7528107,4,,2.1752834,
1922,12,1.7803277,4,,2.1717386,
1923,1,1.757444,4,,2.1845942,
1923,2,1.7712336,4.1100001,,2.2284298,
1923,3,1.8026994,4.5,,2.2428987,
1923,4,1.8245815,4.5,,2.2079501,
1923,5,1.8374815,4.5,,2.1596658,
1923,6,1.8289107,4.5,,2.1219082,
1923,7,1.8202497,4.5,,2.0874965,
1923,8,1.8026994,4.5,,2.0917208,
1923,9,1.7803277,4.5,,2.0983799,
1923,10,1.7757995,4.5,,2.0829628,
1923,11,1.7757995,4.5,,2.1130607,
1923,12,1.7528107,4.5,,2.1465485,
1924,1,1.7757995,4.5,,2.1780899,
1924,2,1.7938074,4.5,,2.1834044,
1924,3,1.7757995,4.5,,2.1621015,
1924,4,1.7434617,4.5,,2.139719,
1924,5,1.7002836,4,,2.1372948,
1924,6,1.6551567,3.6800001,,2.154222,
1924,7,1.6396567,3.5,,2.1998351,
1924,8,1.675469,3.1099999,,2.2341163,
1924,9,1.7100432,3,,2.2240481,
1924,10,1.7340244,3,,2.2108562,
1924,11,1.7528107,3,,2.2651246,
1924,12,1.7803277,3,,2.3175287,
1925,1,1.8115131,3,,2.357795,
1925,2,1.8115131,3.04,,2.3672159,
1925,3,1.8115131,3.5,,2.3406725,
1925,4,1.8202497,3.5,,2.3310001,
1925,5,1.8158828,3.5,,2.36113,
1925,6,1.8071241,3.5,,2.3795462,
1925,7,1.8332052,3.5,,2.4058838,
1925,8,1.8158828,3.5,,2.4194789,
1925,9,1.8026994,3.5,,2.4428577,
1925,10,1.8417553,3.5,,2.4743111,
1925,11,1.862808,3.5,,2.5062473,
1925,12,1.8752271,3.5,,2.5274408,
1926,1,1.8586234,3.8900001,,2.5376573,
1926,2,1.8586234,4,,2.5388422,
1926,3,1.8711096,4,,2.4689467,
1926,4,1.8711096,3.8699999,,2.435585,
1926,5,1.862808,3.5,,2.4503152,
1926,6,1.8752271,3.5,,2.4940314,
1926,7,1.8793277,3.5,,2.5301986,
1926,8,1.8915596,3.8099999,,2.5739472,
1926,9,1.9076147,4,,2.5894544,
1926,10,1.9076147,4,,2.5664866,
1926,11,1.9036287,4,,2.5790799,
1926,12,1.8996269,4,,2.6018004,
1927,1,1.8955938,4,,2.5950682,
1927,2,1.9036287,4,,2.6142888,
1927,3,1.915554,4,,2.6299086,
1927,4,1.8915596,4,,2.6542275,
1927,5,1.8996269,4,,2.6878474,
1927,6,1.8955938,4,,2.7008576,
1927,7,1.8834267,4,,2.7226105,
1927,8,1.8834267,3.5599999,,2.7741499,
1927,9,1.8669597,3.5,,2.8267217,
1927,10,1.8459951,3.5,,2.8194723,
1927,11,1.8459951,3.5,,2.8364434,
1927,12,1.8502327,3.5,,2.8601418,
1928,1,1.8711096,3.5,,2.8636854,
1928,2,1.8793277,3.97,,2.8517113,
1928,3,1.8874937,4,,2.9039824,
1928,4,1.8834267,4,,2.9651794,
1928,5,1.8955938,4.23,,2.9959369,
1928,6,1.9036287,4.5,,2.9453092,
1928,7,1.915554,4.8099999,,2.952971,
1928,8,1.9351236,5,,2.9847836,
1928,9,1.9428483,5,,3.0524867,
1928,10,1.9618959,5,,3.072907,
1928,11,1.9805876,5,,3.1379807,
1928,12,1.9989362,5,,3.1419775,
1929,1,2.0133817,5,,3.2132909,
1929,2,2.0097833,5,,3.2183156,
1929,3,2.0133817,5,,3.2361097,
1929,4,2.0311437,5,,3.2299678,
1929,5,2.0485957,5,,3.2450082,
1929,6,2.0554945,5,,3.2636657,
1929,7,2.0691388,5,,3.3492291,
1929,8,2.0589199,5.7399998,,3.4045889,
1929,9,2.0520446,6,,3.4437644,
1929,10,2.0346534,6,,3.3318336,
1929,11,1.9842788,4.73,,3.0244055,
1929,12,1.9390006,4.5,,3.063503,
1930,1,1.9390006,4.5,,3.0775714,
1930,2,1.9351236,4.1100001,,3.1385403,
1930,3,1.9194928,3.71,,3.1758189,
1930,4,1.9115996,3.5,,3.2372408,
1930,5,1.8955938,3.02,,3.1756573,
1930,6,1.8669597,2.8199999,,3.0691419,
1930,7,1.8202497,2.5,,3.0477319,
1930,8,1.7982715,2.5,,3.0348024,
1930,9,1.7803277,2.5,,3.0337408,
1930,10,1.7528107,2.5,,2.8860776,
1930,11,1.7292811,2.5,,2.8105922,
1930,12,1.7051843,2.3699999,,2.7418957,
1931,1,1.7002836,2,,2.7715766,
1931,2,1.7051843,2,,2.8452439,
1931,3,1.7244973,2,,2.863833,
1931,4,1.7292811,2,,2.7636385,
1931,5,1.7148784,1.61,,2.662374,
1931,6,1.6904279,1.5,,2.6301043,
1931,7,1.675469,1.5,,2.6623597,
1931,8,1.6396567,1.5,,2.6320567,
1931,9,1.5916609,1.5,,2.4705386,
1931,10,1.5526559,2.76,,2.3272724,
1931,11,1.5412233,3.5,,2.3409894,
1931,12,1.5354469,3.5,,2.1330762,
1932,1,1.5061197,3.5,,2.1165287,
1932,2,1.4820362,3.4300001,,2.1077442,
1932,3,1.469762,3,,2.1113467,
1932,4,1.3994573,3,,1.8367941,
1932,5,1.3657855,3,,1.7070822,
1932,6,1.3309138,2.8800001,,1.5617173,
1932,7,1.3021516,2.5,,1.6110101,
1932,8,1.3309138,2.5,,2.0195239,
1932,9,1.3927982,2.5,,2.1114783,
1932,10,1.4255872,2.5,,1.9637417,
1932,11,1.4255872,2.5,,1.9526173,
1932,12,1.4060479,2.5,,1.9199158,
1933,1,1.3861194,2.5,,1.9587805,
1933,2,1.3927982,2.5,,1.8319863,
1933,3,1.3309138,3.4400001,,1.8285975,
1933,4,1.3994573,3.0999999,,1.9301026,
1933,5,1.5526559,2.9000001,,2.1832085,
1933,6,1.695377,2.5,,2.3411646,
1933,7,1.7848356,2.5,,2.4188552,
1933,8,1.7434617,2.5,,2.3678174,
1933,9,1.6854726,2.5,,2.3591018,
1933,10,1.6344427,2.3099999,,2.2564483,
1933,11,1.5751156,2,,2.2799757,
1933,12,1.580668,2,,2.2996082,
1934,1,1.6132705,2,,2.3556926,
1934,2,1.6602831,1.52,,2.4265826,
1934,3,1.7051843,1.5,,2.3742609,
1934,4,1.7051843,1.5,,2.3903556,
1934,5,1.7244973,1.5,,2.2851412,
1934,6,1.7051843,1.5,,2.296365,
1934,7,1.6344427,1.5,,2.2479169,
1934,8,1.6239126,1.5,,2.2077839,
1934,9,1.5639592,1.5,,2.1836402,
1934,10,1.6079168,1.5,,2.1921721,
1934,11,1.6186157,1.5,,2.219974,
1934,12,1.6804926,1.5,,2.2260253,
1935,1,1.757444,1.5,,2.22558,
1935,2,1.7757995,1.5,,2.195045,
1935,3,1.7712336,1.5,,2.1295021,
1935,4,1.7528107,1.5,,2.2016366,
1935,5,1.7528107,1.5,,2.2775698,
1935,6,1.7666638,1.5,,2.3144164,
1935,7,1.7666638,1.5,,2.3659396,
1935,8,1.8026994,1.5,,2.4314706,
1935,9,1.8289107,1.5,,2.4516392,
1935,10,1.8586234,1.5,,2.4780688,
1935,11,1.8793277,1.5,,2.5683296,
1935,12,1.8915596,1.5,,2.5682752,
1936,1,1.8752271,1.5,,2.6217957,
1936,2,1.8502327,1.5,,2.6779506,
1936,3,1.862808,1.5,,2.6986082,
1936,4,1.9234308,1.5,,2.7004304,
1936,5,1.9428483,1.5,,2.6454058,
1936,6,1.9618959,1.5,,2.6875281,
1936,7,1.9805876,1.5,,2.7447007,
1936,8,1.9952987,1.5,,2.764657,
1936,9,2.0133817,1.5,,2.7759697,
1936,10,2.0276086,1.5,,2.8270161,
1936,11,2.0554945,1.5,,2.8540547,
1936,12,2.0859454,1.5,,2.8370874,
1937,1,2.0826116,1.5,,2.8673415,
1937,2,2.0958929,1.5,,2.8964462,
1937,3,2.1187344,1.5,,2.8957334,
1937,4,2.1187344,1.5,,2.8341873,
1937,5,2.1219621,1.5,,2.7883499,
1937,6,2.1090124,1.5,,2.7502885,
1937,7,2.1155083,1.5,,2.8076711,
1937,8,2.1090124,1.42,,2.8178911,
1937,9,2.0758977,1,,2.6652312,
1937,10,1.9989362,1,,2.5085125,
1937,11,1.8955938,1,,2.4158921,
1937,12,1.8026994,1,,2.3995938,
1938,1,1.7803277,1,,2.4256728,
1938,2,1.7712336,1,,2.4012084,
1938,3,1.7712336,1,,2.3334045,
1938,4,1.7528107,1,,2.2914901,
1938,5,1.7292811,1,,2.299861,
1938,6,1.7387453,1,,2.323626,
1938,7,1.7938074,1,,2.5049798,
1938,8,1.8459951,1,,2.5101397,
1938,9,1.8752271,1,,2.4640782,
1938,10,1.8996269,1,,2.5693927,
1938,11,1.9390006,1,,2.5703843,
1938,12,1.9505138,1,,2.5406609,
1939,1,1.9505138,1,,2.5259545,
1939,2,1.9581209,1,,2.5178654,
1939,3,1.9618959,1,,2.5165994,
1939,4,1.9581209,1,,2.3824327,
1939,5,1.9543176,1,,2.418787,
1939,6,1.9768827,1,,2.4364908,
1939,7,2.0061851,1,,2.4601703,
1939,8,2.0205271,1,,2.4460025,
1939,9,2.0792539,1,,2.5475931,
1939,10,2.1283746,1,,2.5570908,
1939,11,2.1536093,1,,2.5393255,
1939,12,2.1536093,1,,2.5150921,
1940,1,2.1410656,1,,2.5096731,
1940,2,2.1090124,1,,2.5031269,
1940,3,2.0859454,1,,2.4971321,
1940,4,2.1057549,1,,2.5071104,
1940,5,2.1347344,1,,2.3589494,
1940,6,2.1659861,1,,2.2694986,
1940,7,2.1782229,1,,2.3020372,
1940,8,2.1842856,1,,2.3221953,
1940,9,2.2052147,1,,2.3639498,
1940,10,2.2198989,1,,2.3732235,
1940,11,2.2429519,1,,2.3964393,
1940,12,2.2765696,1,,2.3549304,
1941,1,2.301064,1,,2.3566122,
1941,2,2.3302002,1,,2.2917054,
1941,3,2.361052,1,,2.2978644,
1941,4,2.3635767,1,,2.2658975,
1941,5,2.4080346,1,,2.243881,
1941,6,2.4152529,1,,2.2785695,
1941,7,2.4271717,1,,2.3288784,
1941,8,2.4389501,1,,2.3238633,
1941,9,2.4389501,1,,2.3264785,
1941,10,2.4482772,1,,2.2844501,
1941,11,2.4529085,1,,2.2374811,
1941,12,2.4689381,1,,2.1703289,
1942,1,2.4891891,1,,2.1887271,
1942,2,2.5068476,1,,2.1577694,
1942,3,2.5177288,1,,2.1012218,
1942,4,2.4891891,1,,2.0589325,
1942,5,2.4914105,1,,2.0701485,
1942,6,2.4936352,1,,2.1196327,
1942,7,2.5177288,1,,2.1567142,
1942,8,2.5475841,1,,2.1507778,
1942,9,2.5704343,1,,2.1612058,
1942,10,2.6027563,1,,2.2319975,
1942,11,2.626334,1,,2.2477927,
1942,12,2.6493683,1,,2.2537584,
1943,1,2.6588109,1,,2.3119016,
1943,2,2.6847885,1,,2.3694363,
1943,3,2.6920834,1,,2.404038,
1943,4,2.7047315,1,,2.4375005,
1943,5,2.7118895,1,,2.4754958,
1943,6,2.7065289,1,,2.4927921,
1943,7,2.7365341,1,,2.5135627,
1943,8,2.7571895,1,,2.4625759,
1943,9,2.7824216,1,,2.4841397,
1943,10,2.7972631,1,,2.4746206,
1943,11,2.8102698,1,,2.4276075,
1943,12,2.7972631,1,,2.4404054,
1944,1,2.8086555,1,,2.4726653,
1944,2,2.8167133,1,,2.4655907,
1944,3,2.8151093,1,,2.4929299,
1944,4,2.8151093,1,,2.4759781,
1944,5,2.8086555,1,,2.4934597,
1944,6,2.8054128,1,,2.5389638,
1944,7,2.8037906,1,,2.5648878,
1944,8,2.8167133,1,,2.5505383,
1944,9,2.8102698,1,,2.5334654,
1944,10,2.8134968,1,,2.5576303,
1944,11,2.8054128,1,,2.5508709,
1944,12,2.8021595,1,,2.5723069,
1945,1,2.7923424,1,,2.6016636,
1945,2,2.7890463,1,,2.6344037,
1945,3,2.7824216,1,,2.6340449,
1945,4,2.763983,1,,2.6588016,
1945,5,2.7365406,1,,2.6960294,
1945,6,2.7136676,1,,2.7137263,
1945,7,2.6902664,1,,2.6933715,
1945,8,2.5806487,1,,2.6963632,
1945,9,2.4869628,1,,2.762511,
1945,10,2.4459493,1,,2.803436,
1945,11,2.482487,1,,2.8354104,
1945,12,2.4869628,1,,2.8523428,
1946,1,2.4295349,1,,2.8913755,
1946,2,2.3786197,1,,2.8942003,
1946,3,2.4779911,1,,2.8641331,
1946,4,2.459811,1,,2.9263823,
1946,5,2.4224193,1,,2.9284165,
1946,6,2.482487,1,,2.9221127,
1946,7,2.5155652,1,,2.8934219,
1946,8,2.5517783,1,,2.8739409,
1946,9,2.5704343,1,,2.7143672,
1946,10,2.5887411,1,,2.6915417,
1946,11,2.5947695,1,,2.6875808,
1946,12,2.6007693,1,,2.7171769,
1947,1,2.6126473,1,,2.7220318,
1947,2,2.6185338,1,,2.7600713,
1947,3,2.6243932,1,,2.7189023,
1947,4,2.6165779,1,,2.68116,
1947,5,2.6204932,1,,2.6629517,
1947,6,2.6204932,1,,2.6979184,
1947,7,2.6146109,1,,2.7581079,
1947,8,2.6204932,1,,2.7381892,
1947,9,2.6282709,1,,2.7119596,
1947,10,2.6379139,1,,2.7373884,
1947,11,2.6512611,1,,2.7259407,
1947,12,2.6550431,1,,2.709986,
1948,1,2.660686,1.16,10.96925,2.6964288,
1948,2,2.6625645,1.25,10.971572,2.646219,
1948,3,2.6512611,1.25,10.96251,2.6605811,
1948,4,2.6531575,1.25,10.973203,2.7345014,
1948,5,2.670023,1.25,10.965678,2.7823281,
1948,6,2.6829512,1.25,10.980927,2.8229363,
1948,7,2.6829512,1.25,10.98475,2.7987659,
1948,8,2.6792734,1.4,10.976029,2.76894,
1948,9,2.6718841,1.5,10.977004,2.7574656,
1948,10,2.6792734,1.5,10.974849,2.7845755,
1948,11,2.6663041,1.5,10.975362,2.7274995,
1948,12,2.6569254,1.5,10.980876,2.7208209,
1949,1,2.6474648,1.5,10.971211,2.731616,
1949,2,2.6379139,1.5,10.971778,2.6925888,
1949,3,2.6185338,1.5,10.96894,2.7023706,
1949,4,2.6126473,1.5,10.963827,2.701107,
1949,5,2.5987709,1.5,10.960444,2.6931708,
1949,6,2.596776,1.5,10.953819,2.6367869,
1949,7,2.5947695,1.5,10.954134,2.6922243,
1949,8,2.6047394,1.5,10.957747,2.7272484,
1949,9,2.6146183,1.5,10.961,2.740155,
1949,10,2.5765738,1.5,10.955515,2.7655756,
1949,11,2.6027563,1.5,10.968353,2.7795486,
1949,12,2.6204932,1.5,10.965523,2.8060818,
1950,1,2.6379139,1.5,10.961885,2.8260584,
1950,2,2.6417465,1.5,10.963896,2.845253,
1950,3,2.6737349,1.5,10.963497,2.8537846,
1950,4,2.7065225,1.5,10.9782,2.8813264,
1950,5,2.7295573,1.5,10.979326,2.9145639,
1950,6,2.7588954,1.5,10.986174,2.9304905,
1950,7,2.7906926,1.5,10.98531,2.8555503,
1950,8,2.8215158,1.59,10.998711,2.914145,
1950,9,2.8151093,1.75,10.994991,2.9488764,
1950,10,2.8215158,1.75,10.998811,2.9891708,
1950,11,2.8199193,1.75,10.997037,2.9869766,
1950,12,2.8373635,1.75,10.992537,2.9831536,
1951,1,2.8405044,1.75,10.996015,3.0544364,
1951,2,2.8467565,1.75,10.996434,3.0910838,
1951,3,2.8514173,1.75,11.008761,3.0740457,
1951,4,2.8529642,1.75,11.000248,3.08729,
1951,5,2.8498681,1.75,11.005228,3.0878556,
1951,6,2.8451943,1.75,10.995747,3.070199,
1951,7,2.8294711,1.75,11.004697,3.0879424,
1951,8,2.8199193,1.75,11.002,3.130795,
1951,9,2.8262954,1.75,10.997305,3.1563284,
1951,10,2.8247068,1.75,11.002267,3.1508276,
1951,11,2.8326366,1.75,10.999363,3.1228054,
1951,12,2.8389382,1.75,11.010349,3.1533513,
1952,1,2.8498623,1.75,11.009737,3.1859219,
1952,2,2.8560562,1.75,11.00977,3.1676373,
1952,3,2.8591392,1.75,11.000566,3.1705256,
1952,4,2.8498623,1.75,11.000582,3.1676095,
1952,5,2.8405044,1.75,11.005344,3.1669946,
1952,6,2.831058,1.75,11.005743,3.1939507,
1952,7,2.8151033,1.75,11.001616,3.2223082,
1952,8,2.8774328,1.75,10.998593,3.2263374,
1952,9,2.9130461,1.75,11.010746,3.2103136,
1952,10,2.9231992,1.75,11.004297,3.1889188,
1952,11,2.9431961,1.75,11.014489,3.2203007,
1952,12,2.9488397,1.75,11.017875,3.2599218,
1953,1,2.9516499,1.88,11.028418,3.2649958,
1953,2,2.9572408,2,11.033017,3.2526975,
1953,3,2.9655771,2,11.035051,3.2577994,
1953,4,2.9697168,2,11.025882,3.2072272,
1953,5,2.9752131,2,11.018941,3.2124937,
1953,6,2.9710913,2,11.026076,3.1760442,
1953,7,2.9833965,2,11.025116,3.1902616,
1953,8,2.9779451,2,11.021102,3.1941342,
1953,9,2.9572408,2,11.017087,3.1471241,
1953,10,2.9488397,2,11.016873,3.1767037,
1953,11,2.924639,2,11.014325,3.198333,
1953,12,2.899838,2,11.001717,3.2120342,
1954,1,2.8924253,2,11.0025,3.2371283,
1954,2,2.8953979,1.79,11.013089,3.259007,
1954,3,2.8894434,1.75,11.005195,3.2798481,
1954,4,2.8834534,1.62,11.005178,3.3188159,
1954,5,2.8894434,1.5,11.000566,3.3580985,
1954,6,2.8924253,1.5,10.998627,3.365947,
1954,7,2.8939099,.80000001,10.996132,3.4054108,
1954,8,2.8924253,1.22,10.999647,3.4250767,
1954,9,2.8939099,1.0599999,11.006789,3.4484596,
1954,10,2.905731,.85000002,11.00659,3.4712415,
1954,11,2.921752,.82999998,11.008032,3.5098126,
1954,12,2.9346757,1.28,11.004031,3.5544126,
1955,1,2.9572408,1.39,11.014572,3.5722387,
1955,2,2.9697168,1.29,11.014144,3.6052547,
1955,3,2.9928632,1.35,11.018039,3.5973122,
1955,4,3.004905,1.4299999,11.027037,3.6312504,
1955,5,3.0207322,1.4299999,11.028969,3.6271307,
1955,6,3.022043,1.64,11.031351,3.6834443,
1955,7,3.0298536,1.6799999,11.04313,3.7540116,
1955,8,3.0285575,1.96,11.047663,3.7477531,
1955,9,3.0350299,2.1800001,11.050097,3.7919195,
1955,10,3.0516634,2.24,11.050747,3.7404211,
1955,11,3.0541992,2.3499999,11.054961,3.8054841,
1955,12,3.0579884,2.48,11.061688,3.8147776,
1956,1,3.0642736,2.45,11.062772,3.7877009,
1956,2,3.0554671,2.5,11.059078,3.793915,
1956,3,3.0554671,2.5,11.057393,3.8604391,
1956,4,3.0630217,2.6199999,11.060589,3.8722818,
1956,5,3.0541992,2.75,11.064465,3.8402536,
1956,6,3.0452983,2.71,11.063822,3.8344629,
1956,7,3.0141664,2.75,11.063508,3.8872814,
1956,8,3.0541992,2.73,11.066201,3.8813934,
1956,9,3.0767269,2.95,11.067872,3.846715,
1956,10,3.0853536,2.96,11.066248,3.8339109,
1956,11,3.0767269,2.8800001,11.063446,3.8233776,
1956,12,3.0914695,2.9400001,11.065231,3.8382404,
1957,1,3.0878055,2.8399999,11.060872,3.8160627,
1957,2,3.097553,3,11.070646,3.7719862,
1957,3,3.0963376,2.96,11.072931,3.7848928,
1957,4,3.0828958,3,11.067372,3.8077307,
1957,5,3.0791998,3,11.066404,3.8453684,
1957,6,3.0816669,3,11.069696,3.861866,
1957,7,3.0878055,2.99,11.075041,3.8817887,
1957,8,3.0878055,3.24,11.065997,3.825038,
1957,9,3.0791998,3.47,11.068527,3.7838373,
1957,10,3.0642736,3.5,11.067357,3.7192717,
1957,11,3.0401797,3.28,11.061453,3.6975262,
1957,12,3.0207322,2.98,11.065419,3.6969893,
1958,1,3.0022411,2.72,11.054376,3.7165608,
1958,2,2.9806745,1.67,11.04927,3.7199299,
1958,3,2.9683406,1.2,11.046611,3.7402513,
1958,4,2.9516499,1.26,11.045015,3.7458446,
1958,5,2.9614151,.63,11.048888,3.7774124,
1958,6,2.9874632,.93000001,11.046595,3.8008361,
1958,7,3.0022411,.68000001,11.046834,3.8280978,
1958,8,3.022043,1.53,11.051081,3.8649814,
1958,9,3.0311525,1.76,11.053759,3.8909843,
1958,10,3.0427399,1.8,11.058401,3.9307508,
1958,11,3.0717669,2.27,11.058323,3.960845,
1958,12,3.0730081,2.4200001,11.059566,3.9794858,
1959,1,3.0878055,2.48,11.064573,4.0185256,
1959,2,3.1072021,2.4300001,11.061688,4.0032101,
1959,3,3.1215055,2.8,11.070802,4.0279927,
1959,4,3.1425822,2.96,11.078567,4.0447803,
1959,5,3.1575322,2.9000001,11.077501,4.0597286,
1959,6,3.1586757,3.3900001,11.079817,4.0510969,
1959,7,3.1344371,3.47,11.082312,4.0898647,
1959,8,3.0999706,3.5,11.07974,4.08427,
1959,9,3.0987625,3.76,11.078598,4.0440116,
1959,10,3.0914695,3.98,11.080772,4.0430832,
1959,11,3.0975485,4,11.074885,4.0471334,
1959,12,3.1575322,3.99,11.087375,4.0784998,
1960,1,3.1834476,3.99,11.087467,4.0609426,
1960,2,3.17451,3.97,11.091636,4.0213256,
1960,3,3.1654918,3.8399999,11.077099,4.0076098,
1960,4,3.1575322,3.9200001,11.096788,4.0204287,
1960,5,3.1563919,3.8499999,11.098273,4.0113254,
1960,6,3.1437383,3.3199999,11.099953,4.047658,
1960,7,3.1402612,3.23,11.09603,4.0224905,
1960,8,3.1391008,2.98,11.095818,4.0343332,
1960,9,3.1285791,2.5999999,11.101447,4.0037856,
1960,10,3.1274049,2.47,11.091819,3.9839537,
1960,11,3.1131864,2.4400001,11.09906,4.0158424,
1960,12,3.0939066,1.98,11.094041,4.0395365,
1961,1,3.095125,1.45,11.09401,4.0895953,
1961,2,3.0939066,2.54,11.091148,4.1299148,
1961,3,3.0999706,2.02,11.095135,4.1606998,
1961,4,3.1203189,1.49,11.08788,4.1871367,
1961,5,3.135603,1.98,11.089026,4.1971517,
1961,6,3.1495087,1.73,11.097304,4.1838946,
1961,7,3.1609502,1.17,11.091453,4.1811109,
1961,8,3.1700132,2,11.095165,4.2164083,
1961,9,3.1688826,1.88,11.090431,4.2085433,
1961,10,3.1878886,2.26,11.096182,4.2194543,
1961,11,3.2032747,2.6099999,11.098637,4.2637568,
1961,12,3.2119598,2.3299999,11.095894,4.2730622,
1962,1,3.2032747,2.1500001,11.099045,4.2350874,
1962,2,3.2194996,2.3699999,11.105529,4.2516556,
1962,3,3.2248499,2.8499999,11.104852,4.2526684,
1962,4,3.2269828,2.78,11.10303,4.2203531,
1962,5,3.225915,2.3599999,11.10778,4.1430483,
1962,6,3.2237837,2.6800001,11.107511,4.0186968,
1962,7,3.2333505,2.71,11.104702,4.0425162,
1962,8,3.2344105,2.9300001,11.11197,4.0694208,
1962,9,3.2407312,2.9000001,11.11531,4.0604067,
1962,10,3.2417834,2.9000001,11.114148,4.0283518,
1962,11,3.2459695,2.9400001,11.110162,4.0950694,
1962,12,3.2459695,2.9300001,11.111656,4.1369967,
1963,1,3.253258,2.9200001,11.113522,4.1753449,
1963,2,3.264606,3,11.112806,4.1884818,
1963,3,3.2707393,2.98,11.117673,4.1846857,
1963,4,3.2798731,2.9000001,11.121984,4.2306085,
1963,5,3.2919219,3,11.121585,4.250474,
1963,6,3.2949104,2.99,11.122087,4.2500439,
1963,7,3.290921,3.02,11.125865,4.2351532,
1963,8,3.2929177,3.49,11.125909,4.2624044,
1963,9,3.3028381,3.48,11.129819,4.2883959,
1963,10,3.309725,3.5,11.131577,4.2909241,
1963,11,3.314615,3.48,11.131182,4.2852941,
1963,12,3.3126612,3.3800001,11.13039,4.3064113,
1964,1,3.3214216,3.48,11.13206,4.3366666,
1964,2,3.3281822,3.48,11.138247,4.3488574,
1964,3,3.3281822,3.4300001,11.138421,4.3669071,
1964,4,3.3444118,3.47,11.147008,4.3812366,
1964,5,3.350076,3.5,11.150965,4.3911414,
1964,6,3.352896,3.5,11.145017,4.385056,
1964,7,3.359448,3.4200001,11.147628,4.421515,
1964,8,3.365957,3.5,11.148549,4.4067192,
1964,9,3.3696585,3.45,11.150204,4.4237509,
1964,10,3.3557081,3.3599999,11.150261,4.4408689,
1964,11,3.3861413,3.52,11.152457,4.4477959,
1964,12,3.3978786,3.8499999,11.15359,4.4303403,
1965,1,3.4085934,3.9000001,11.156208,4.4557009,
1965,2,3.4147913,3.98,11.158063,4.4629941,
1965,3,3.4279432,4.04,11.162502,4.4639974,
1965,4,3.4322889,4.0900002,11.165253,4.4769578,
1965,5,3.4400654,4.0999999,11.170914,4.4917717,
1965,6,3.4477787,4.04,11.170787,4.4431753,
1965,7,3.4571302,4.0900002,11.176893,4.4415359,
1965,8,3.4613514,4.1199999,11.175521,4.4600391,
1965,9,3.4638748,4.0100002,11.174456,4.4928703,
1965,10,3.4739087,4.0799999,11.180177,4.5151882,
1965,11,3.4780598,4.0999999,11.180581,4.5233741,
1965,12,3.4904103,4.3200002,11.185282,4.518899,
1966,1,3.5001826,4.4200001,11.187167,4.5359936,
1966,2,3.5066469,4.5999999,11.186281,4.529181,
1966,3,3.5202389,4.6500001,11.187029,4.4872627,
1966,4,3.5218267,4.6700001,11.19148,4.5173821,
1966,5,3.5312984,4.9000001,11.1913,4.463398,
1966,6,3.5359993,5.1700001,11.195127,4.4550447,
1966,7,3.5414577,5.3000002,11.196295,4.4524674,
1966,8,3.5422368,5.5300002,11.200212,4.3901296,
1966,9,3.551518,5.4000001,11.201743,4.354331,
1966,10,3.5584204,5.5300002,11.203692,4.34548,
1966,11,3.5515151,5.7600002,11.209656,4.394381,
1966,12,3.5538242,5.4000001,11.208152,4.3984799,
1967,1,3.5585287,4.9400001,11.207364,4.4361653,
1967,2,3.547123,5,11.206482,4.4701157,
1967,3,3.5414693,4.5300002,11.20421,4.493319,
1967,4,3.550858,4.0500002,11.210224,4.5104146,
1967,5,3.5420949,3.9400001,11.20971,4.5281467,
1967,6,3.5419705,3.98,11.21557,4.5156136,
1967,7,3.5396888,3.79,11.218822,4.5324812,
1967,8,3.5586684,3.9000001,11.222132,4.5485353,
1967,9,3.5570438,3.99,11.223295,4.5623565,
1967,10,3.5651541,3.8800001,11.225924,4.5608382,
1967,11,3.5793548,4.1300001,11.226909,4.5289478,
1967,12,3.5900669,4.5100002,11.23153,4.557056,
1968,1,3.58899,4.5999999,11.221235,4.5542741,
1968,2,3.5925667,4.71,11.228292,4.5083809,
1968,3,3.5956836,5.0500002,11.230284,4.4896793,
1968,4,3.5971315,5.7600002,11.232696,4.5611868,
1968,5,3.6082847,6.1100001,11.239896,4.5835938,
1968,6,3.6119525,6.0700002,11.240881,4.6110063,
1968,7,3.6104178,6.02,11.239633,4.608119,
1968,8,3.6132045,6.0300002,11.239055,4.5861292,
1968,9,3.6169834,5.7800002,11.240749,4.6184812,
1968,10,3.6189666,5.9099998,11.241431,4.6420321,
1968,11,3.6318197,5.8200002,11.244967,4.6577682,
1968,12,3.6349721,6.02,11.248673,4.6679153,
1969,1,3.6410041,6.3000002,11.249025,4.6253963,
1969,2,3.6473827,6.6100001,11.255798,4.6197524,
1969,3,3.6551933,6.79,11.256315,4.5981908,
1969,4,3.6515071,7.4099998,11.25833,4.6177197,
1969,5,3.6477215,8.6700001,11.256897,4.650353,
1969,6,3.657443,8.8999996,11.262924,4.5963025,
1969,7,3.6627076,8.6099997,11.263938,4.5508399,
1969,8,3.6650043,9.1899996,11.267664,4.5452433,
1969,9,3.6647789,9.1499996,11.267664,4.5486655,
1969,10,3.6650708,9,11.270153,4.5592809,
1969,11,3.6556017,8.8500004,11.271376,4.566484,
1969,12,3.6529129,8.9700003,11.273907,4.5121775,
1970,1,3.6342225,8.9799995,11.274414,4.5035014,
1970,2,3.6335623,8.9799995,11.273373,4.4677939,
1970,3,3.6322641,7.7600002,11.275468,4.4847231,
1970,4,3.6296892,8.1000004,11.276317,4.4537921,
1970,5,3.6285241,7.9400001,11.271668,4.3315415,
1970,6,3.6252844,7.5999999,11.269745,4.3253179,
1970,7,3.6277351,7.21,11.273728,4.3270063,
1970,8,3.6259503,6.6100001,11.272432,4.3557806,
1970,9,3.6190336,6.29,11.270828,4.4112678,
1970,10,3.5988262,6.1999998,11.273208,4.4352121,
1970,11,3.5927513,5.5999999,11.272763,4.4342752,
1970,12,3.615459,4.9000001,11.272051,4.5003953,
1971,1,3.6231215,4.1399999,11.27548,4.5378704,
1971,2,3.6212134,3.72,11.273398,4.5758662,
1971,3,3.6201293,3.71,11.271975,4.6011753,
1971,4,3.6257293,4.1500001,11.277039,4.6352096,
1971,5,3.6307895,4.6300001,11.278961,4.6214566,
1971,6,3.634975,4.9099998,11.274122,4.602284,
1971,7,3.6320684,5.3099999,11.281056,4.5948744,
1971,8,3.6262486,5.5599999,11.284002,4.5769343,
1971,9,3.6423695,5.5500002,11.285887,4.5991139,
1971,10,3.6498268,5.1999998,11.288756,4.5777354,
1971,11,3.654063,4.9099998,11.293488,4.5302258,
1971,12,3.6655393,4.1399999,11.295652,4.596808,
1972,1,3.6892719,3.5,11.301698,4.6376605,
1972,2,3.6987183,3.29,11.303536,4.6560869,
1972,3,3.7060807,3.8299999,11.309254,4.6789317,
1972,4,3.7164071,4.1700001,11.310258,4.6896214,
1972,5,3.7158914,4.27,11.313095,4.6787672,
1972,6,3.7185209,4.46,11.315486,4.6822281,
1972,7,3.7181447,4.5500002,11.317275,4.6747618,
1972,8,3.7313449,4.8000002,11.321499,4.7095966,
1972,9,3.7389712,4.8699999,11.321074,4.6949148,
1972,10,3.7526076,5.04,11.321959,4.6964974,
1972,11,3.7639499,5.0599999,11.326475,4.7454276,
1972,12,3.7753758,5.3299999,11.331404,4.7664161,
1973,1,3.7819166,5.9400001,11.328534,4.7742538,
1973,2,3.7969038,6.5799999,11.337523,4.737638,
1973,3,3.797384,7.0900002,11.343939,4.7222013,
1973,4,3.7957206,7.1199999,11.345204,4.7029681,
1973,5,3.8020942,7.8400002,11.346257,4.6748786,
1973,6,3.8027461,8.4899998,11.352581,4.6516218,
1973,7,3.807018,10.4,11.353918,4.6618743,
1973,8,3.8052104,10.5,11.352803,4.6424618,
1973,9,3.8142779,10.78,11.356132,4.659708,
1973,10,3.8211415,10.01,11.361952,4.6990643,
1973,11,3.8261034,10.03,11.365817,4.6252947,
1973,12,3.8236704,9.9499998,11.366755,4.5516005,
1974,1,3.8164258,9.6499996,11.368535,4.5654936,
1974,2,3.8135014,8.9700003,11.370831,4.5374603,
1974,3,3.8136051,9.3500004,11.371581,4.579227,
1974,4,3.8107874,10.51,11.369851,4.5267348,
1974,5,3.8180485,11.31,11.37241,4.4961057,
1974,6,3.8170967,11.93,11.372985,4.4974346,
1974,7,3.8170702,12.92,11.375375,4.4166584,
1974,8,3.8073978,12.01,11.374088,4.3310623,
1974,9,3.8081236,11.34,11.374249,4.2213149,
1974,10,3.8043687,10.06,11.373606,4.2404003,
1974,11,3.7708259,9.4499998,11.369355,4.2730064,
1974,12,3.7351043,8.5299997,11.363775,4.2057867,
1975,1,3.7211313,7.1300001,11.357756,4.2844701,
1975,2,3.6977451,6.2399998,11.353414,4.3832364,
1975,3,3.6870878,5.54,11.352604,4.4282184,
1975,4,3.6884418,5.4899998,11.352628,4.4393892,
1975,5,3.6861081,5.2199998,11.355699,4.5008779,
1975,6,3.6928589,5.5500002,11.354574,4.5260959,
1975,7,3.7035439,6.0999999,11.360869,4.527071,
1975,8,3.7125568,6.1399999,11.36482,4.451014,
1975,9,3.7250476,6.2399998,11.365341,4.4387894,
1975,10,3.7291045,5.8200002,11.366396,4.4838424,
1975,11,3.7317162,5.2199998,11.367391,4.5005345,
1975,12,3.7440398,5.1999998,11.369805,4.4852648,
1976,1,3.758522,4.8699999,11.37825,4.5732617,
1976,2,3.7680533,4.77,11.381358,4.6115446,
1976,3,3.7690644,4.8400002,11.384922,4.6159554,
1976,4,3.7747772,4.8200002,11.389809,4.6242819,
1976,5,3.7793188,5.29,11.394074,4.6167231,
1976,6,3.7792754,5.48,11.391469,4.622684,
1976,7,3.7851505,5.3099999,11.397436,4.6463304,
1976,8,3.7920473,5.29,11.398894,4.637558,
1976,9,3.7949812,5.25,11.398334,4.6582685,
1976,10,3.7953207,5.02,11.399466,4.623847,
1976,11,3.8098619,4.9499998,11.40349,4.6170344,
1976,12,3.8202038,4.6500001,11.405374,4.6507258,
1977,1,3.8147321,4.6100001,11.406765,4.6425943,
1977,2,3.8298364,4.6799998,11.411358,4.6146827,
1977,3,3.8422141,4.6900001,11.416503,4.6108499,
1977,4,3.8512278,4.73,11.421588,4.5956249,
1977,5,3.8596954,5.3499999,11.426867,4.5926976,
1977,6,3.8670423,5.3899999,11.429098,4.5980039,
1977,7,3.8687439,5.4200001,11.430456,4.6069527,
1977,8,3.8689528,5.9000001,11.434326,4.5824132,
1977,9,3.8736646,6.1399999,11.437145,4.5667658,
1977,10,3.8759959,6.4699998,11.440914,4.5405197,
1977,11,3.8766506,6.5100002,11.448504,4.5463042,
1977,12,3.8780587,6.5599999,11.452167,4.5413833,
1978,1,3.8643444,6.6999998,11.455127,4.5025783,
1978,2,3.869458,6.7800002,11.456556,4.4883585,
1978,3,3.8881238,6.79,11.45905,4.4866066,
1978,4,3.9088037,6.8899999,11.465771,4.5294819,
1978,5,3.912235,7.3600001,11.469694,4.5789523,
1978,6,3.9191098,7.5999999,11.47567,4.5815105,
1978,7,3.9187443,7.8099999,11.473041,4.5766935,
1978,8,3.922405,8.04,11.476583,4.6436338,
1978,9,3.9252076,8.4499998,11.479058,4.6430149,
1978,10,3.9332521,8.96,11.483836,4.6109896,
1978,11,3.9405134,9.7600002,11.487453,4.5508146,
1978,12,3.9461849,10.03,11.488438,4.5654674,
1979,1,3.9394941,10.07,11.492192,4.6022158,
1979,2,3.9451425,10.06,11.496075,4.5873065,
1979,3,3.948488,10.09,11.497609,4.6062922,
1979,4,3.9375834,10.01,11.493773,4.6256199,
1979,5,3.9453011,10.24,11.496095,4.6024437,
1979,6,3.9451675,10.29,11.499627,4.6222987,
1979,7,3.9435313,10.47,11.502935,4.6319232,
1979,8,3.9369009,10.94,11.50061,4.6761513,
1979,9,3.9381371,11.43,11.506304,4.6876421,
1979,10,3.9434247,13.77,11.506948,4.6489291,
1979,11,3.9425445,13.18,11.508657,4.6411529,
1979,12,3.9435022,13.78,11.512256,4.6800551,
1980,1,3.9478283,13.82,11.511715,4.7083421,
1980,2,3.9483993,14.13,11.512876,4.7478757,
1980,3,3.9452045,17.190001,11.510052,4.6509671,
1980,4,3.9247675,17.610001,11.505226,4.6344051,
1980,5,3.9002197,10.98,11.502319,4.6792965,
1980,6,3.8877366,9.4700003,11.499658,4.7409825,
1980,7,3.8811905,9.0299997,11.500813,4.786097,
1980,8,3.8838806,9.6099997,11.501096,4.8162141,
1980,9,3.9000981,10.87,11.503653,4.8403363,
1980,10,3.9124289,12.81,11.506072,4.8692389,
1980,11,3.9297116,15.85,11.508365,4.910111,
1980,12,3.9355168,18.9,11.509259,4.8939757,
1981,1,3.9300299,19.08,11.512475,4.8900914,
1981,2,3.925107,15.93,11.514833,4.8551135,
1981,3,3.9304228,14.7,11.51862,4.8917389,
1981,4,3.9259832,15.72,11.52343,4.9010258,
1981,5,3.9322727,18.52,11.523351,4.8807316,
1981,6,3.9368172,19.1,11.515901,4.8849039,
1981,7,3.9432387,19.040001,11.519832,4.8608022,
1981,8,3.9430721,17.82,11.519792,4.8646803,
1981,9,3.9367859,15.87,11.513565,4.7729659,
1981,10,3.9298589,15.08,11.516698,4.7858047,
1981,11,3.9186471,13.31,11.514994,4.8115296,
1981,12,3.9075489,12.37,11.509369,4.8186197,
1982,1,3.8877857,13.22,11.509841,4.7645345,
1982,2,3.9070728,14.78,11.510543,4.7405334,
1982,3,3.8996265,14.68,11.50964,4.7081075,
1982,4,3.8907912,14.94,11.508677,4.7562304,
1982,5,3.8846271,14.45,11.514085,4.7566242,
1982,6,3.8813493,14.15,11.508345,4.6977286,
1982,7,3.878098,12.59,11.507843,4.6947889,
1982,8,3.8698146,10.12,11.509249,4.6972976,
1982,9,3.8666406,10.31,11.507953,4.8075628,
1982,10,3.857702,9.71,11.505045,4.8877859,
1982,11,3.853811,9.1999998,11.504005,4.9279919,
1982,12,3.8465581,8.9499998,11.503199,4.9371028,
1983,1,3.8653421,8.6800003,11.5045,4.9716601,
1983,2,3.8592761,8.5100002,11.503774,4.9890389,
1983,3,3.8673184,8.7700005,11.504682,5.0230622,
1983,4,3.8793986,8.8000002,11.508515,5.060761,
1983,5,3.8863297,8.6300001,11.509339,5.1004558,
1983,6,3.89201,8.9799995,11.519236,5.1143346,
1983,7,3.9070969,9.3699999,11.524933,5.1177301,
1983,8,3.9181762,9.5600004,11.528877,5.0901775,
1983,9,3.9333675,9.4499998,11.532885,5.118957,
1983,10,3.9414382,9.4799995,11.533111,5.1219068,
1983,11,3.9448328,9.3400002,11.539849,5.1073384,
1983,12,3.9498062,9.4700003,11.542445,5.1020622,
1984,1,3.9695973,9.5600004,11.544434,5.1143489,
1984,2,3.9743667,9.5900002,11.550452,5.0578399,
1984,3,3.9790292,9.9099998,11.551828,5.0590444,
1984,4,3.9854333,10.29,11.555371,5.0600061,
1984,5,3.9900928,10.32,11.563552,5.0533814,
1984,6,3.9935699,11.06,11.567328,5.0312529,
1984,7,3.996877,11.23,11.56585,5.017797,
1984,8,3.9974978,11.64,11.563267,5.1024294,
1984,9,3.9959469,11.3,11.566371,5.1126661,
1984,10,3.9946346,9.9899998,11.567774,5.104846,
1984,11,3.9984558,9.4300003,11.57093,5.1136303,
1984,12,3.9995081,8.3800001,11.573296,5.1027889,
1985,1,3.997046,8.3500004,11.574039,5.1452403,93.088547
1985,2,4.0012493,8.5,11.576417,5.1978602,79.954895
1985,3,4.0026951,8.5799999,11.580482,5.1897321,92.367706
1985,4,4.0001106,8.2700005,11.579986,5.1963873,85.208054
1985,5,4.0014653,7.9699998,11.579948,5.2198176,77.2463
1985,6,4.0021544,7.5300002,11.575947,5.2411437,115.5376
1985,7,3.9952421,7.8800001,11.578779,5.2603273,103.81465
1985,8,3.9994972,7.9000001,11.581471,5.23807,125.53043
1985,9,4.0039363,7.9200001,11.586705,5.2152619,114.19005
1985,10,3.9998801,7.9899998,11.588469,5.2267165,107.9815
1985,11,4.0031772,8.0500002,11.589952,5.2854652,89.161285
1985,12,4.0135179,8.2700005,11.591885,5.3339624,112.9853
1986,1,4.0182948,8.1400003,11.598066,5.3384709,159.7211
1986,2,4.0111279,7.8600001,11.594321,5.390738,131.72006
1986,3,4.0046368,7.48,11.597607,5.4481459,108.25706
1986,4,4.0052199,6.9899998,11.598662,5.4721351,99.205376
1986,5,4.0072002,6.8499999,11.599919,5.4741974,122.16502
1986,6,4.0039911,6.9200001,11.604374,5.5024643,117.13771
1986,7,4.0103741,6.5599999,11.606507,5.4813886,127.74471
1986,8,4.0081639,6.1700001,11.608372,5.501204,110.90657
1986,9,4.0100622,5.8899999,11.609008,5.4734006,124.77322
1986,10,4.0145221,5.8499999,11.610714,5.4695616,93.317482
1986,11,4.0192494,6.04,11.612544,5.501636,92.039101
1986,12,4.027729,6.9099998,11.614832,5.5157924,77.380676
1987,1,4.0247784,6.4299998,11.616862,5.5778828,111.693
1987,2,4.0373774,6.0999999,11.619598,5.6381207,76.25853
1987,3,4.0389056,6.1300001,11.620955,5.6783667,99.491287
1987,4,4.0451002,6.3699999,11.624413,5.6675415,77.401375
1987,5,4.051672,6.8499999,11.630121,5.6667328,92.680252
1987,6,4.0564818,6.73,11.628448,5.7083178,103.89468
1987,7,4.0630655,6.5799999,11.631899,5.7368536,87.517639
1987,8,4.0710692,6.73,11.635648,5.7971454,40.630356
1987,9,4.0736947,7.2199998,11.634337,5.7641277,53.895451
1987,10,4.0882492,7.29,11.637635,5.6353722,194.35579
1987,11,4.0936842,6.6900001,11.639602,5.5012927,185.47911
1987,12,4.0985575,6.77,11.642137,5.4846101,155.43944
1988,1,4.0990534,6.8299999,11.644094,5.523365,134.71709
1988,2,4.103116,6.5799999,11.645943,5.5534554,102.44766
1988,3,4.1053982,6.5799999,11.644279,5.5825086,82.212326
1988,4,4.1106753,6.8699999,11.649639,5.5706758,92.556969
1988,5,4.1095285,7.0900002,11.646512,5.545661,98.230362
1988,6,4.1121273,7.5100002,11.652053,5.6009474,85.895248
1988,7,4.1126151,7.75,11.653209,5.5948954,85.512329
1988,8,4.1172552,8.0100002,11.655136,5.5748963,83.325676
1988,9,4.1143627,8.1899996,11.655778,5.5908751,82.880997
1988,10,4.1190715,8.3000002,11.65822,5.6254449,91.595665
1988,11,4.1208601,8.3500004,11.662208,5.6022086,105.8147
1988,12,4.1254168,8.7600002,11.662242,5.6222606,69.148537
1989,1,4.1282854,9.1199999,11.66743,5.6539383,79.230576
1989,2,4.1240005,9.3599997,11.668013,5.6836171,57.345139
1989,3,4.1265049,9.8500004,11.670117,5.6791935,56.258869
1989,4,4.1274023,9.8400002,11.670758,5.7112579,84.051857
1989,5,4.1200628,9.8100004,11.670775,5.7491698,83.30204
1989,6,4.1207089,9.5299997,11.673495,5.7799029,92.861244
1989,7,4.1110411,9.2399998,11.673955,5.804915,91.197731
1989,8,4.1200466,8.9899998,11.675512,5.8481941,80.499405
1989,9,4.1171541,9.0200005,11.672951,5.8502741,66.322144
1989,10,4.1159477,8.8400002,11.674883,5.8504691,67.568443
1989,11,4.1192746,8.5500002,11.677694,5.8295898,104.65417
1989,12,4.1251454,8.4499998,11.676998,5.8538332,96.251259
1990,1,4.1188455,8.2299995,11.687559,5.8288627,102.36347
1990,2,4.1282272,8.2399998,11.687374,5.8004632,105.6741
1990,3,4.1335459,8.2799997,11.688583,5.8244205,91.485901
1990,4,4.1325345,8.2600002,11.685635,5.8235726,82.051224
1990,5,4.1341486,8.1800003,11.688147,5.8586473,87.622009
1990,6,4.1373911,8.29,11.686736,5.8871775,84.201332
1990,7,4.1362586,8.1499996,11.685281,5.8861899,87.173363
1990,8,4.1388621,8.1300001,11.685213,5.8013525,130.22749
1990,9,4.140923,8.1999998,11.682871,5.7538633,153.06708
1990,10,4.1332111,8.1099997,11.682972,5.7272539,135.6456
1990,11,4.1212626,7.8099999,11.681029,5.7534957,147.97595
1990,12,4.1144705,7.3099999,11.68048,5.7952962,127.43795
1991,1,4.1099095,6.9099998,11.677931,5.7853179,200.42703
1991,2,4.1032929,6.25,11.676361,5.8923707,105.47729
1991,3,4.0979114,6.1199999,11.675487,5.9196424,101.31042
1991,4,4.1000814,5.9099998,11.679363,5.9393263,90.175064
1991,5,4.1099701,5.7800002,11.673683,5.9348736,79.142006
1991,6,4.1192145,5.9000001,11.675376,5.9356689,66.017975
1991,7,4.1192875,5.8200002,11.674772,5.9407678,73.73774
1991,8,4.120657,5.6599998,11.674057,5.9646153,90.526932
1991,9,4.12925,5.4499998,11.67783,5.9589376,114.55016
1991,10,4.127007,5.21,11.676744,5.9581237,110.95484
1991,11,4.1260514,4.8099999,11.676489,5.9556298,140.06039
1991,12,4.122232,4.4299998,11.673904,5.9623203,178.35233
1992,1,4.116044,4.0300002,11.678253,6.0308657,110.395
1992,2,4.1232963,4.0599999,11.676345,6.0223751,148.36078
1992,3,4.1319904,3.98,11.67966,6.0097084,72.348495
1992,4,4.1389194,3.73,11.682044,6.0098119,76.616325
1992,5,4.1423044,3.8199999,11.681613,6.0278316,65.050133
1992,6,4.1420755,3.76,11.681985,6.01194,124.09589
1992,7,4.1509862,3.25,11.684464,6.0283999,110.98453
1992,8,4.1461983,3.3,11.685415,6.0353069,123.4906
1992,9,4.1484761,3.22,11.684523,6.0366235,134.18082
1992,10,4.1561465,3.0999999,11.683748,6.0222449,162.17125
1992,11,4.1603336,3.0899999,11.685836,6.0470009,108.86799
1992,12,4.1610045,2.9200001,11.686853,6.0768151,79.887299
1993,1,4.1657658,3.02,11.687509,6.0758724,76.209969
1993,2,4.1694489,3.03,11.689187,6.0906405,98.170692
1993,3,4.1689882,3.0699999,11.691423,6.1095924,109.97717
1993,4,4.1719828,2.96,11.690854,6.0937448,90.933907
1993,5,4.1683211,3,11.696205,6.098628,121.1137
1993,6,4.1700983,3.04,11.69766,6.1049261,122.15112
1993,7,4.1729832,3.0599999,11.699131,6.1032009,99.134613
1993,8,4.172368,3.03,11.702355,6.1183786,114.60819
1993,9,4.1770835,3.0899999,11.699853,6.1295624,118.66927
1993,10,4.1847091,2.99,11.702082,6.1396699,69.236488
1993,11,4.1887665,3.02,11.704942,6.1374903,85.848976
1993,12,4.193923,2.96,11.707374,6.1440687,71.958817
1994,1,4.1979942,3.05,11.711497,6.1590805,72.986359
1994,2,4.1983023,3.25,11.712481,6.1560888,96.322533
1994,3,4.2084928,3.3399999,11.711203,6.1394701,75.259438
1994,4,4.213799,3.5599999,11.71415,6.1030779,101.9631
1994,5,4.2194209,4.0100002,11.718833,6.1112423,90.029472
1994,6,4.2261429,4.25,11.71696,6.1199145,84.745216
1994,7,4.2278171,4.2600002,11.717546,6.1123562,63.589928
1994,8,4.233418,4.4699998,11.722716,6.140409,66.89769
1994,9,4.2369518,4.73,11.72551,6.1462345,77.001801
1994,10,4.2453403,4.7600002,11.72894,6.1394811,56.707207
1994,11,4.2515063,5.29,11.732189,6.1334271,95.174049
1994,12,4.2617288,5.4499998,11.733834,6.1207056,81.680038
1995,1,4.2637682,5.5300002,11.73337,6.1425748,127.08213
1995,2,4.2628222,5.9200001,11.735493,6.1777878,90.911659
1995,3,4.2642775,5.98,11.735709,6.2008204,80.127579
1995,4,4.2639818,6.0500002,11.735629,6.2302961,60.566494
1995,5,4.2669468,6.0100002,11.731426,6.2611361,69.462357
1995,6,4.2709107,6,11.732238,6.2903724,64.498177
1995,7,4.2668204,5.8499999,11.734596,6.3232231,72.358505
1995,8,4.280077,5.7399998,11.734884,6.3263464,53.575451
1995,9,4.283792,5.8000002,11.737132,6.3608975,62.941788
1995,10,4.2823334,5.7600002,11.739168,6.3680468,86.863594
1995,11,4.2848258,5.8000002,11.737572,6.3894558,98.086327
1995,12,4.2886386,5.5999999,11.736773,6.4209251,89.293343
1996,1,4.2820086,5.5599999,11.737068,6.4206786,97.399971
1996,2,4.2975059,5.2199998,11.741168,6.4762673,80.590759
1996,3,4.2961187,5.3099999,11.742941,6.4724617,69.192184
1996,4,4.3047581,5.2199998,11.74399,6.4726133,54.552769
1996,5,4.3118887,5.2399998,11.745972,6.4941025,61.513947
1996,6,4.3202257,5.27,11.748803,6.5050349,84.108772
1996,7,4.3182583,5.4000001,11.751525,6.4678082,68.030792
1996,8,4.3244467,5.2199998,11.753296,6.4962955,89.493675
1996,9,4.3308411,5.3000002,11.756154,6.5145407,77.933899
1996,10,4.3300843,5.2399998,11.758925,6.5531578,58.287289
1996,11,4.3386779,5.3099999,11.757995,6.6007805,66.959656
1996,12,4.3449244,5.29,11.758691,6.6110363,57.921608
1997,1,4.3464875,5.25,11.762111,6.6414652,66.689255
1997,2,4.3585291,5.1900001,11.762111,6.68259,91.950218
1997,3,4.3655224,5.3899999,11.766723,6.674758,66.462631
1997,4,4.3662553,5.5100002,11.768676,6.638474,66.734703
1997,5,4.3725128,5.5,11.771158,6.7251406,66.607452
1997,6,4.3774414,5.5599999,11.770757,6.7756944,76.619034
1997,7,4.3859539,5.52,11.773919,6.8301101,70.655212
1997,8,4.3956647,5.54,11.775367,6.832747,47.272133
1997,9,4.4044938,5.54,11.775435,6.8427091,49.506924
1997,10,4.413404,5.5,11.776666,6.8576813,95.2687
1997,11,4.4222255,5.52,11.7803,6.8447342,92.54258
1997,12,4.4254103,5.5,11.780499,6.8693943,105.25071
1998,1,4.4304824,5.5599999,11.780859,6.8704262,107.83636
1998,2,4.4313192,5.5100002,11.781478,6.9312191,103.95061
1998,3,4.4321184,5.4899998,11.781531,6.9817724,66.16758
1998,4,4.4355912,5.4499998,11.784547,7.0140924,70.387535
1998,5,4.4417486,5.4899998,11.785431,7.0106883,70.767067
1998,6,4.4352093,5.5599999,11.784814,7.010663,85.229866
1998,7,4.4314213,5.54,11.78546,7.0532193,95.477852
1998,8,4.4520121,5.5500002,11.785925,6.9797206,134.53961
1998,9,4.4494481,5.5100002,11.790451,6.9281945,173.80127
1998,10,4.4571457,5.0700002,11.790549,6.9397063,151.39145
1998,11,4.4567399,4.8299999,11.792676,7.0426569,108.91823
1998,12,4.4602427,4.6799998,11.795108,7.0817513,99.019104
1999,1,4.4648929,4.6300001,11.798307,7.1299181,115.20492
1999,2,4.4694099,4.7600002,11.797021,7.128161,84.989243
1999,3,4.4713278,4.8099999,11.797706,7.1559143,62.233036
1999,4,4.473259,4.7399998,11.797766,7.1965051,62.63982
1999,5,4.480927,4.7399998,11.80044,7.1944923,57.677441
1999,6,4.4793553,4.7600002,11.800942,7.1873188,82.564499
1999,7,4.4856768,4.9899998,11.801212,7.230556,87.864853
1999,8,4.4897289,5.0700002,11.802538,7.1910386,89.428444
1999,9,4.4861784,5.2199998,11.803406,7.184001,76.453026
1999,10,4.499464,5.1999998,11.805543,7.1701274,56.251064
1999,11,4.5043592,5.4200001,11.807899,7.237772,74.628716
1999,12,4.5119667,5.3000002,11.80949,7.2645087,73.994202
2000,1,4.5123343,5.4499998,11.824512,7.2623377,90.401253
2000,2,4.5153165,5.73,11.824798,7.2362485,54.671768
2000,3,4.5195928,5.8499999,11.825551,7.2739339,76.659149
2000,4,4.526906,6.02,11.829705,7.2871194,73.505341
2000,5,4.5290556,6.27,11.825032,7.2573409,121.23241
2000,6,4.5298409,6.5300002,11.827298,7.2875328,108.63856
2000,7,4.5286617,6.54,11.824307,7.2950506,82.248352
2000,8,4.5252509,6.5,11.825266,7.3034787,53.610867
2000,9,4.5290437,6.52,11.826955,7.291698,77.790115
2000,10,4.5255704,6.5100002,11.828379,7.2371626,82.029037
2000,11,4.5255003,6.5100002,11.830084,7.2262359,179.04211
2000,12,4.5225167,6.4000001,11.832208,7.1936336,158.33946
2001,1,4.5151973,5.98,11.833399,7.1971569,138.71884
2001,2,4.5089588,5.4899998,11.832193,7.1745343,131.23285
2001,3,4.5060005,5.3099999,11.833435,7.0782151,117.79372
2001,4,4.5030088,4.8000002,11.829916,7.0815721,137.45531
2001,5,4.495707,4.21,11.828407,7.1470623,109.76382
2001,6,4.4890475,3.97,11.826809,7.1218276,76.943817
2001,7,4.4837027,3.77,11.828255,7.0937777,92.610786
2001,8,4.4816933,3.6500001,11.822181,7.0720024,93.897598
2001,9,4.4781718,3.0699999,11.826612,6.9514313,270.80713
2001,10,4.4731932,2.49,11.823288,6.9815545,246.26175
2001,11,4.4677591,2.0899999,11.822159,7.0296926,173.18054
2001,12,4.4679337,1.8200001,11.820756,7.0430989,150.65295
2002,1,4.4740953,1.73,11.81821,7.0389657,154.84535
2002,2,4.4742355,1.74,11.823626,7.0036736,93.482872
2002,3,4.4820213,1.73,11.821711,7.0508084,96.195007
2002,4,4.4865193,1.75,11.821336,7.0139465,90.172569
2002,5,4.490818,1.75,11.824366,6.9840379,89.850014
2002,6,4.5003505,1.75,11.823457,6.9217057,100.19114
2002,7,4.4979925,1.73,11.823442,6.8063765,129.23758
2002,8,4.4981894,1.74,11.825581,6.8162456,118.87253
2002,9,4.4991961,1.75,11.829938,6.765975,140.95773
2002,10,4.496058,1.75,11.827795,6.75067,111.1879
2002,11,4.5011511,1.34,11.824234,6.813365,158.04889
2002,12,4.4963527,1.24,11.823538,6.8014817,144.68204
2003,1,4.5030742,1.24,11.830775,6.7977576,187.76331
2003,2,4.5058765,1.26,11.831248,6.7305632,147.77499
2003,3,4.5037875,1.25,11.830899,6.7412634,208.45052
2003,4,4.4959722,1.26,11.832346,6.7912502,165.28123
2003,5,4.4964461,1.26,11.831699,6.8415756,114.08072
2003,6,4.4968252,1.22,11.833486,6.895678,91.684608
2003,7,4.5027518,1.01,11.83119,6.9002643,98.414703
2003,8,4.5002074,1.03,11.831736,6.8972321,81.348358
2003,9,4.5058932,1.01,11.832171,6.9270105,94.465096
2003,10,4.5066056,1.01,11.834893,6.9457583,74.60173
2003,11,4.5141959,1,11.838077,6.9564505,77.675041
2003,12,4.5130701,.98000002,11.837983,6.9853048,77.752892
2004,1,4.515717,1,11.838424,7.0321984,85.398575
2004,2,4.5209675,1.01,11.838929,7.0417233,77.274384
2004,3,4.5157881,1,11.838286,7.0246296,86.479088
2004,4,4.5195665,1,11.839925,7.0326939,73.270592
2004,5,4.5271468,1,11.841164,7.0055909,87.302406
2004,6,4.5190597,1.03,11.84348,7.0324101,88.170723
2004,7,4.526721,1.26,11.846221,7.0083666,84.423653
2004,8,4.5270271,1.4299999,11.846343,6.9929552,80.118095
2004,9,4.5277233,1.61,11.845727,7.0189891,107.54737
2004,10,4.5372887,1.76,11.847482,7.0193582,106.12096
2004,11,4.5393572,1.9299999,11.851047,7.0638504,95.575302
2004,12,4.5461664,2.1600001,11.85029,7.0894179,57.273335
2005,1,4.5508575,2.28,11.851146,7.0744624,65.8731
2005,2,4.5572867,2.5,11.852144,7.089766,46.435425
2005,3,4.5564022,2.6300001,11.854058,7.0858159,43.048618
2005,4,4.557744,2.79,11.858315,7.0599813,75.109665
2005,5,4.5594726,3,11.860825,7.0718074,69.545944
2005,6,4.5634313,3.04,11.861567,7.0919547,65.711166
2005,7,4.561471,3.26,11.863766,7.108438,74.21685
2005,8,4.5630016,3.5,11.866634,7.1101003,57.091774
2005,9,4.5429339,3.6199999,11.866403,7.1114426,102.1553
2005,10,4.5557761,3.78,11.867435,7.0833578,70.054108
2005,11,4.5655737,4,11.86709,7.1207404,55.924198
2005,12,4.5712929,4.1599998,11.868864,7.1405101,61.879387
2006,1,4.5724983,4.29,11.871648,7.1536174,74.118179
2006,2,4.5729165,4.4899998,11.873791,7.1519914,72.7062
2006,3,4.5754757,4.5900002,11.875769,7.1652927,49.952465
2006,4,4.579237,4.79,11.875908,7.1717987,77.673248
2006,5,4.5778012,4.9400001,11.878186,7.1623974,71.473648
2006,6,4.5816479,4.9899998,11.880017,7.1333928,92.112137
2006,7,4.5817685,5.2399998,11.87897,7.1390572,103.90903
2006,8,4.5851083,5.25,11.8819,7.1601868,80.857048
2006,9,4.5833569,5.25,11.883212,7.183723,55.159153
2006,10,4.5829859,5.25,11.886652,7.2177253,54.245201
2006,11,4.581708,5.25,11.888165,7.2360744,44.610199
2006,12,4.591423,5.2399998,11.891156,7.255888,58.568626
2007,1,4.5866966,5.25,11.891554,7.2613392,74.068222
2007,2,4.5974946,5.2600002,11.891752,7.2757225,54.339462
2007,3,4.5988564,5.2600002,11.893551,7.2491813,70.647354
2007,4,4.6060896,5.25,11.888522,7.2886868,46.844891
2007,5,4.6065264,5.25,11.890697,7.3206177,77.0093
2007,6,4.6064644,5.25,11.891793,7.3228335,56.34573
2007,7,4.6069255,5.2600002,11.890711,7.3269291,44.62167
2007,8,4.6081924,5.02,11.889181,7.2824979,90.814278
2007,9,4.6120148,4.9400001,11.893032,7.311296,105.92107
2007,10,4.6071362,4.7600002,11.890992,7.3393159,87.100311
2007,11,4.6127863,4.4899998,11.895429,7.2885075,103.76212
2007,12,4.6125498,4.2399998,11.89323,7.2992759,115.48008
2008,1,4.6100793,3.9400001,11.893948,7.2289424,197.82266
2008,2,4.6073809,2.98,11.892429,7.2114625,106.94761
2008,3,4.6047111,2.6099999,11.891951,7.1830683,117.49462
2008,4,4.5974855,2.28,11.892265,7.2229085,102.75593
2008,5,4.5928555,1.98,11.890732,7.2465234,83.835854
2008,6,4.5908585,2,11.889559,7.2013578,88.339638
2008,7,4.5859509,2.01,11.888151,7.1367431,105.39455
2008,8,4.5705104,2,11.885888,7.1557651,78.167694
2008,9,4.5275211,1.8099999,11.885013,7.1041627,233.2039
2008,10,4.5359788,.97000003,11.883122,6.8760591,255.32956
2008,11,4.5231028,.38999999,11.878263,6.783371,180.10057
2008,12,4.4943223,.16,11.873177,6.7771473,145.67725
2009,1,4.4720755,.15000001,11.864653,6.7633948,194.66913
2009,2,4.4648929,.22,11.861044,6.6911244,191.79921
2009,3,4.4498687,.18000001,11.854435,6.6295309,159.92377
2009,4,4.4420428,.15000001,11.854073,6.7430596,102.06672
2009,5,4.4314084,.18000001,11.851168,6.8050675,127.32411
2009,6,4.4276214,.20999999,11.849462,6.8309984,97.713554
2009,7,4.4375443,.16,11.84869,6.8414245,94.90934
2009,8,4.4470358,.16,11.845762,6.9174333,118.60699
2009,9,4.4543333,.15000001,11.840919,6.9513435,97.798683
2009,10,4.4579167,.12,11.838135,6.973228,72.0186
2009,11,4.4617648,.12,11.839773,6.9921598,101.04696
2009,12,4.4651031,.12,11.835103,7.0124555,119.4397
2010,1,4.4772229,.11,11.838272,7.0242767,133.59496
2010,2,4.4798698,.13,11.83934,6.9931622,133.36595
2010,3,4.4874253,.16,11.840444,7.0492973,107.9026
2010,4,4.4913616,.2,11.84445,7.0878377,100.6814
2010,5,4.5068417,.2,11.844005,7.0255933,143.92284
2010,6,4.5091076,.18000001,11.843293,6.9878235,127.25864
2010,7,4.5153899,.18000001,11.843516,6.9845343,202.89273
2010,8,4.5182281,.19,11.845297,6.9914365,124.74068
2010,9,4.5208597,.19,11.845053,7.0229411,199.49023
2010,10,4.5177546,.19,11.843027,7.066112,143.94312
2010,11,4.5197301,.19,11.842445,7.0891504,171.08643
2010,12,4.5281734,.18000001,11.844141,7.1240959,150.6335
2011,1,4.5284228,.17,11.844292,7.1566591,117.75883
2011,2,4.522891,.16,11.845261,7.1862335,111.48793
2011,3,4.5328083,.14,11.846931,7.1735649,158.77458
2011,4,4.5280905,.1,11.846694,7.1940651,120.09431
2011,5,4.5312586,.090000004,11.846916,7.1991634,110.23324
2011,6,4.5336089,.090000004,11.845167,7.1602936,153.09381
2011,7,4.539988,.07,11.845992,7.1893067,214.51598
2011,8,4.5448523,.1,11.848712,7.0777559,308.85941
2011,9,4.5458722,.079999998,11.850497,7.068069,217.51198
2011,10,4.5510087,.07,11.851788,7.0960722,129.25299
2011,11,4.5521111,.079999998,11.854719,7.1118503,141.24765
2011,12,4.5559769,.07,11.855351,7.1255426,195.42172
2012,1,4.5645046,.079999998,11.861305,7.1705642,142.36053
2012,2,4.5682468,.1,11.863181,7.2097006,107.05101
2012,3,4.5644178,.13,11.864139,7.2365122,107.19896
2012,4,4.5726118,.14,11.863321,7.2344866,97.877937
2012,5,4.5758681,.16,11.865391,7.2013741,132.78236
2012,6,4.5763774,.16,11.86662,7.1880231,181.36005
2012,7,4.581964,.16,11.865496,7.2150755,172.25055
2012,8,4.575892,.13,11.865018,7.2466874,133.67709
2012,9,4.5786877,.14,11.870229,7.2747703,159.72774
2012,10,4.5779128,.16,11.873177,7.2708812,167.12416
2012,11,4.5876141,.16,11.872228,7.2298388,209.07112
2012,12,4.5886049,.16,11.872082,7.2584124,209.07361
2013,1,4.5891261,.14,11.873281,7.3000646,205.9743
2013,2,4.595562,.15000001,11.873839,7.3213944,125.01216
2013,3,4.6000371,.14,11.873344,7.3465447,147.11908
2013,4,4.5982585,.15000001,11.875316,7.3592782,95.377045
2013,5,4.5993152,.11,11.877006,7.4023557,107.2916
2013,6,4.6012454,.090000004,11.878089,7.3894234,84.881279
2013,7,4.5995865,.090000004,11.879546,7.4197855,76.026039
2013,8,4.6051574,.079999998,11.878811,7.4206347,108.32513
2013,9,4.6123214,.079999998,11.879442,7.43081,137.24422
2013,10,4.613327,.090000004,11.873986,7.4500952,244.88824
2013,11,4.6188264,.079999998,11.88064,7.4863558,83.842819
2013,12,4.6206222,.090000004,11.88163,7.4998522,121.99147
2014,1,4.6181464,.07,11.886033,7.5078859,108.7384
2014,2,4.6274862,.07,11.886322,7.504961,79.272003
2014,3,4.6357565,.079999998,11.889593,7.5302243,101.91545
2014,4,4.6365576,.090000004,11.889092,7.5306211,104.53455
2014,5,4.6413469,.090000004,11.890087,7.544209,96.580719
2014,6,4.6454,.1,11.892875,7.57409,82.60247
2014,7,4.6487055,.090000004,11.89377,7.5873613,75.15168
2014,8,4.6476855,.090000004,11.893879,7.581481,63.686264
2014,9,4.6564298,.090000004,11.895463,7.5975099,87.37252
2014,10,4.657145,.090000004,11.900111,7.5690374,109.73637
2014,11,4.669662,,,,
